timeStamp,elapsed,label,responseCode,responseMessage,threadName,dataType,success,failureMessage,bytes,sentBytes,grpThreads,allThreads,URL,Latency,IdleTime,Connect
1781945274119,196,Get Authorized User,200,OK,jp@gc - Ultimate Thread Group 2-10,text,true,,1471,272,10,10,https://api.clickup.com/api/v2/user,196,0,92
1781945274219,156,Get Authorized User,200,OK,jp@gc - Ultimate Thread Group 2-9,text,true,,1471,272,10,11,https://api.clickup.com/api/v2/user,156,0,49
1781945274318,148,Get Authorized User,200,OK,jp@gc - Ultimate Thread Group 2-8,text,true,,1471,272,10,11,https://api.clickup.com/api/v2/user,148,0,44
1781945274413,137,Get Authorized User,200,OK,jp@gc - Ultimate Thread Group 2-7,text,true,,1471,272,10,10,https://api.clickup.com/api/v2/user,137,0,46
1781945274511,148,Get Authorized User,200,OK,jp@gc - Ultimate Thread Group 2-6,text,true,,1471,272,10,10,https://api.clickup.com/api/v2/user,148,0,43
1781945274610,159,Get Authorized User,200,OK,jp@gc - Ultimate Thread Group 2-5,text,true,,1471,272,10,10,https://api.clickup.com/api/v2/user,158,0,51
1781945274714,159,Get Authorized User,200,OK,jp@gc - Ultimate Thread Group 2-4,text,true,,1471,272,10,10,https://api.clickup.com/api/v2/user,159,0,57
1781945274816,142,Get Authorized User,200,OK,jp@gc - Ultimate Thread Group 2-3,text,true,,1471,272,10,10,https://api.clickup.com/api/v2/user,142,0,47
1781945274919,143,Get Authorized User,200,OK,jp@gc - Ultimate Thread Group 2-2,text,true,,1470,272,10,10,https://api.clickup.com/api/v2/user,143,0,47
1781945275016,143,Get Authorized User,200,OK,jp@gc - Ultimate Thread Group 2-1,text,true,,1471,272,10,10,https://api.clickup.com/api/v2/user,143,0,51
1781945275322,145,Get Authorized User,200,OK,jp@gc - Ultimate Thread Group 2-10,text,true,,1471,272,10,10,https://api.clickup.com/api/v2/user,145,0,47
1781945275381,129,Get Authorized User,200,OK,jp@gc - Ultimate Thread Group 2-9,text,true,,1471,272,10,10,https://api.clickup.com/api/v2/user,129,0,45
1781945275472,141,Get Authorized User,200,OK,jp@gc - Ultimate Thread Group 2-8,text,true,,1471,272,10,10,https://api.clickup.com/api/v2/user,141,0,43
1781945275556,137,Get Authorized User,200,OK,jp@gc - Ultimate Thread Group 2-7,text,true,,1471,272,10,10,https://api.clickup.com/api/v2/user,137,0,47
1781945275665,131,Get Authorized User,200,OK,jp@gc - Ultimate Thread Group 2-6,text,true,,1471,272,10,10,https://api.clickup.com/api/v2/user,131,0,44
1781945275775,125,Get Authorized User,200,OK,jp@gc - Ultimate Thread Group 2-5,text,true,,1471,272,10,10,https://api.clickup.com/api/v2/user,125,0,42
1781945275879,137,Get Authorized User,200,OK,jp@gc - Ultimate Thread Group 2-4,text,true,,1470,272,10,10,https://api.clickup.com/api/v2/user,137,0,46
1781945275964,144,Get Authorized User,200,OK,jp@gc - Ultimate Thread Group 2-3,text,true,,1471,272,10,10,https://api.clickup.com/api/v2/user,144,0,56
1781945276065,147,Get Authorized User,200,OK,jp@gc - Ultimate Thread Group 2-2,text,true,,1470,272,10,10,https://api.clickup.com/api/v2/user,147,0,47
1781945276166,132,Get Authorized User,200,OK,jp@gc - Ultimate Thread Group 2-1,text,true,,1471,272,10,10,https://api.clickup.com/api/v2/user,132,0,45
1781945276474,161,Get Authorized User,200,OK,jp@gc - Ultimate Thread Group 2-10,text,true,,1471,272,10,10,https://api.clickup.com/api/v2/user,161,0,79
1781945276516,146,Get Authorized User,200,OK,jp@gc - Ultimate Thread Group 2-9,text,true,,1470,272,10,10,https://api.clickup.com/api/v2/user,146,0,57
1781945276619,124,Get Authorized User,200,OK,jp@gc - Ultimate Thread Group 2-8,text,true,,1471,272,10,10,https://api.clickup.com/api/v2/user,124,0,44
1781945276699,129,Get Authorized User,200,OK,jp@gc - Ultimate Thread Group 2-7,text,true,,1471,272,10,10,https://api.clickup.com/api/v2/user,129,0,43
1781945276802,151,Get Authorized User,200,OK,jp@gc - Ultimate Thread Group 2-6,text,true,,1470,272,10,10,https://api.clickup.com/api/v2/user,151,0,47
1781945276907,156,Get Authorized User,200,OK,jp@gc - Ultimate Thread Group 2-5,text,true,,1471,272,10,10,https://api.clickup.com/api/v2/user,156,0,48
1781945277020,145,Get Authorized User,200,OK,jp@gc - Ultimate Thread Group 2-4,text,true,,1471,272,10,10,https://api.clickup.com/api/v2/user,145,0,44
1781945277114,153,Get Authorized User,200,OK,jp@gc - Ultimate Thread Group 2-3,text,true,,1471,272,10,10,https://api.clickup.com/api/v2/user,153,0,55
1781945277218,144,Get Authorized User,200,OK,jp@gc - Ultimate Thread Group 2-2,text,true,,1471,272,10,10,https://api.clickup.com/api/v2/user,144,0,47
1781945277305,141,Get Authorized User,200,OK,jp@gc - Ultimate Thread Group 2-1,text,true,,1471,272,10,10,https://api.clickup.com/api/v2/user,141,0,48
1781945277641,126,Get Authorized User,200,OK,jp@gc - Ultimate Thread Group 2-10,text,true,,1471,272,10,10,https://api.clickup.com/api/v2/user,126,0,40
1781945277668,127,Get Authorized User,200,OK,jp@gc - Ultimate Thread Group 2-9,text,true,,1470,272,10,10,https://api.clickup.com/api/v2/user,127,0,41
1781945277749,152,Get Authorized User,200,OK,jp@gc - Ultimate Thread Group 2-8,text,true,,1470,272,10,10,https://api.clickup.com/api/v2/user,152,0,48
1781945277834,140,Get Authorized User,200,OK,jp@gc - Ultimate Thread Group 2-7,text,true,,1471,272,10,10,https://api.clickup.com/api/v2/user,140,0,39
1781945277957,138,Get Authorized User,200,OK,jp@gc - Ultimate Thread Group 2-6,text,true,,1470,272,10,10,https://api.clickup.com/api/v2/user,138,0,43
1781945278066,125,Get Authorized User,200,OK,jp@gc - Ultimate Thread Group 2-5,text,true,,1471,272,10,10,https://api.clickup.com/api/v2/user,125,0,44
1781945278172,130,Get Authorized User,200,OK,jp@gc - Ultimate Thread Group 2-4,text,true,,1471,272,10,10,https://api.clickup.com/api/v2/user,130,0,42
1781945278271,140,Get Authorized User,200,OK,jp@gc - Ultimate Thread Group 2-3,text,true,,1471,272,10,10,https://api.clickup.com/api/v2/user,140,0,47
1781945278369,142,Get Authorized User,200,OK,jp@gc - Ultimate Thread Group 2-2,text,true,,1471,272,10,10,https://api.clickup.com/api/v2/user,142,0,44
1781945278453,126,Get Authorized User,200,OK,jp@gc - Ultimate Thread Group 2-1,text,true,,1470,272,10,10,https://api.clickup.com/api/v2/user,126,0,43
1781945278773,135,Get Authorized User,200,OK,jp@gc - Ultimate Thread Group 2-10,text,true,,1471,272,10,10,https://api.clickup.com/api/v2/user,135,0,46
1781945278801,150,Get Authorized User,200,OK,jp@gc - Ultimate Thread Group 2-9,text,true,,1471,272,10,10,https://api.clickup.com/api/v2/user,150,0,46
1781945278906,140,Get Authorized User,200,OK,jp@gc - Ultimate Thread Group 2-8,text,true,,1471,272,10,10,https://api.clickup.com/api/v2/user,140,0,48
1781945278979,131,Get Authorized User,200,OK,jp@gc - Ultimate Thread Group 2-7,text,true,,1471,272,10,10,https://api.clickup.com/api/v2/user,131,0,46
1781945279197,142,Get Authorized User,200,OK,jp@gc - Ultimate Thread Group 2-5,text,true,,1471,272,10,10,https://api.clickup.com/api/v2/user,142,0,50
1781945279099,336,Get Authorized User,200,OK,jp@gc - Ultimate Thread Group 2-6,text,true,,1473,272,10,10,https://api.clickup.com/api/v2/user,336,0,61
1781945279308,134,Get Authorized User,200,OK,jp@gc - Ultimate Thread Group 2-4,text,true,,1470,272,10,10,https://api.clickup.com/api/v2/user,134,0,45
1781945279416,164,Get Authorized User,200,OK,jp@gc - Ultimate Thread Group 2-3,text,true,,1471,272,10,10,https://api.clickup.com/api/v2/user,164,0,45
1781945279515,132,Get Authorized User,200,OK,jp@gc - Ultimate Thread Group 2-2,text,true,,1471,272,10,10,https://api.clickup.com/api/v2/user,132,0,44
1781945279582,133,Get Authorized User,200,OK,jp@gc - Ultimate Thread Group 2-1,text,true,,1471,272,10,10,https://api.clickup.com/api/v2/user,133,0,49
1781945279952,149,Get Authorized User,200,OK,jp@gc - Ultimate Thread Group 2-9,text,true,,1471,272,10,10,https://api.clickup.com/api/v2/user,149,0,44
1781945279914,188,Get Authorized User,200,OK,jp@gc - Ultimate Thread Group 2-10,text,true,,1473,272,10,10,https://api.clickup.com/api/v2/user,188,0,44
1781945280052,150,Get Authorized User,200,OK,jp@gc - Ultimate Thread Group 2-8,text,true,,1471,272,10,10,https://api.clickup.com/api/v2/user,150,0,48
1781945280117,149,Get Authorized User,200,OK,jp@gc - Ultimate Thread Group 2-7,text,true,,1471,272,10,10,https://api.clickup.com/api/v2/user,149,0,44
1781945280346,172,Get Authorized User,200,OK,jp@gc - Ultimate Thread Group 2-5,text,true,,1473,272,10,10,https://api.clickup.com/api/v2/user,172,0,46
1781945280448,129,Get Authorized User,200,OK,jp@gc - Ultimate Thread Group 2-4,text,true,,1471,272,10,10,https://api.clickup.com/api/v2/user,129,0,44
1781945280437,140,Get Authorized User,200,OK,jp@gc - Ultimate Thread Group 2-6,text,true,,1470,272,10,10,https://api.clickup.com/api/v2/user,140,0,55
1781945280587,137,Get Authorized User,200,OK,jp@gc - Ultimate Thread Group 2-3,text,true,,1470,272,10,10,https://api.clickup.com/api/v2/user,137,0,46
1781945280718,129,Get Authorized User,200,OK,jp@gc - Ultimate Thread Group 2-1,text,true,,1471,272,10,10,https://api.clickup.com/api/v2/user,129,0,44
1781945281106,149,Get Authorized User,200,OK,jp@gc - Ultimate Thread Group 2-10,text,true,,1470,272,10,10,https://api.clickup.com/api/v2/user,149,0,55
1781945281104,174,Get Authorized User,200,OK,jp@gc - Ultimate Thread Group 2-9,text,true,,1471,272,10,10,https://api.clickup.com/api/v2/user,174,0,57
1781945281204,207,Get Authorized User,200,OK,jp@gc - Ultimate Thread Group 2-8,text,true,,1471,272,10,10,https://api.clickup.com/api/v2/user,207,0,84
1781945281525,148,Get Authorized User,200,OK,jp@gc - Ultimate Thread Group 2-5,text,true,,1471,272,10,10,https://api.clickup.com/api/v2/user,148,0,47
1781945281582,128,Get Authorized User,200,OK,jp@gc - Ultimate Thread Group 2-4,text,true,,1469,272,10,10,https://api.clickup.com/api/v2/user,128,0,44
1781945280653,1132,Get Authorized User,200,OK,jp@gc - Ultimate Thread Group 2-2,text,true,,1471,272,10,10,https://api.clickup.com/api/v2/user,1132,0,1045
1781945281731,134,Get Authorized User,200,OK,jp@gc - Ultimate Thread Group 2-3,text,true,,1471,272,10,10,https://api.clickup.com/api/v2/user,134,0,45
1781945281854,129,Get Authorized User,200,OK,jp@gc - Ultimate Thread Group 2-1,text,true,,1470,272,10,10,https://api.clickup.com/api/v2/user,129,0,48
1781945282262,133,Get Authorized User,200,OK,jp@gc - Ultimate Thread Group 2-10,text,true,,1470,272,10,10,https://api.clickup.com/api/v2/user,133,0,49
1781945281269,1147,Get Authorized User,200,OK,jp@gc - Ultimate Thread Group 2-7,text,true,,1471,272,10,10,https://api.clickup.com/api/v2/user,1147,0,1042
1781945281580,1168,Get Authorized User,200,OK,jp@gc - Ultimate Thread Group 2-6,text,true,,1471,272,10,10,https://api.clickup.com/api/v2/user,1168,0,1070
1781945282716,145,Get Authorized User,200,OK,jp@gc - Ultimate Thread Group 2-4,text,true,,1471,272,10,10,https://api.clickup.com/api/v2/user,145,0,59
1781945282791,154,Get Authorized User,200,OK,jp@gc - Ultimate Thread Group 2-2,text,true,,1471,272,10,10,https://api.clickup.com/api/v2/user,154,0,43
1781945282869,154,Get Authorized User,200,OK,jp@gc - Ultimate Thread Group 2-3,text,true,,1470,272,10,10,https://api.clickup.com/api/v2/user,154,0,46
1781945282284,1139,Get Authorized User,200,OK,jp@gc - Ultimate Thread Group 2-9,text,true,,1471,272,10,10,https://api.clickup.com/api/v2/user,1139,0,1052
1781945282417,1135,Get Authorized User,200,OK,jp@gc - Ultimate Thread Group 2-8,text,true,,1471,272,10,10,https://api.clickup.com/api/v2/user,1135,0,1044
1781945283402,154,Get Authorized User,200,OK,jp@gc - Ultimate Thread Group 2-10,text,true,,1471,272,10,10,https://api.clickup.com/api/v2/user,154,0,45
1781945282679,1139,Get Authorized User,200,OK,jp@gc - Ultimate Thread Group 2-5,text,true,,1471,272,10,10,https://api.clickup.com/api/v2/user,1139,0,1047
1781945283951,141,Get Authorized User,200,OK,jp@gc - Ultimate Thread Group 2-2,text,true,,1471,272,10,10,https://api.clickup.com/api/v2/user,141,0,48
1781945282986,1137,Get Authorized User,200,OK,jp@gc - Ultimate Thread Group 2-1,text,true,,1471,272,10,10,https://api.clickup.com/api/v2/user,1137,0,1041
1781945284426,143,Get Authorized User,200,OK,jp@gc - Ultimate Thread Group 2-9,text,true,,1471,272,10,10,https://api.clickup.com/api/v2/user,143,0,51
1781945284557,157,Get Authorized User,200,OK,jp@gc - Ultimate Thread Group 2-10,text,true,,1471,272,10,10,https://api.clickup.com/api/v2/user,157,0,44
1781945283420,1300,Get Authorized User,200,OK,jp@gc - Ultimate Thread Group 2-7,text,true,,1471,272,10,10,https://api.clickup.com/api/v2/user,1300,0,1199
1781945284825,131,Get Authorized User,200,OK,jp@gc - Ultimate Thread Group 2-5,text,true,,1471,272,10,10,https://api.clickup.com/api/v2/user,131,0,42
1781945283868,1127,Get Authorized User,200,OK,jp@gc - Ultimate Thread Group 2-4,text,true,,1471,272,10,10,https://api.clickup.com/api/v2/user,1127,0,1043
1781945284026,1145,Get Authorized User,200,OK,jp@gc - Ultimate Thread Group 2-3,text,true,,1471,272,10,10,https://api.clickup.com/api/v2/user,1145,0,1045
1781945285099,146,Get Authorized User,200,OK,jp@gc - Ultimate Thread Group 2-2,text,true,,1471,272,10,10,https://api.clickup.com/api/v2/user,146,0,47
1781945285127,137,Get Authorized User,200,OK,jp@gc - Ultimate Thread Group 2-1,text,true,,1471,272,10,10,https://api.clickup.com/api/v2/user,137,0,45
1781945284557,1135,Get Authorized User,200,OK,jp@gc - Ultimate Thread Group 2-8,text,true,,1469,272,10,10,https://api.clickup.com/api/v2/user,1135,0,1042
1781945285576,147,Get Authorized User,200,OK,jp@gc - Ultimate Thread Group 2-9,text,true,,1470,272,10,10,https://api.clickup.com/api/v2/user,147,0,45
1781945285721,129,Get Authorized User,200,OK,jp@gc - Ultimate Thread Group 2-10,text,true,,1470,272,10,10,https://api.clickup.com/api/v2/user,129,0,44
1781945285721,143,Get Authorized User,200,OK,jp@gc - Ultimate Thread Group 2-7,text,true,,1470,272,10,10,https://api.clickup.com/api/v2/user,143,0,48
1781945283755,2129,Get Authorized User,200,OK,jp@gc - Ultimate Thread Group 2-6,text,true,,1470,272,10,10,https://api.clickup.com/api/v2/user,2129,0,2045
1781945285962,165,Get Authorized User,200,OK,jp@gc - Ultimate Thread Group 2-5,text,true,,1471,272,10,10,https://api.clickup.com/api/v2/user,165,0,44
1781945286000,129,Get Authorized User,200,OK,jp@gc - Ultimate Thread Group 2-4,text,true,,1468,272,10,10,https://api.clickup.com/api/v2/user,129,0,44
1781945286174,131,Get Authorized User,200,OK,jp@gc - Ultimate Thread Group 2-3,text,true,,1470,272,10,10,https://api.clickup.com/api/v2/user,131,0,44
1781945286252,133,Get Authorized User,200,OK,jp@gc - Ultimate Thread Group 2-2,text,true,,1470,272,10,10,https://api.clickup.com/api/v2/user,133,0,44
1781945286694,127,Get Authorized User,200,OK,jp@gc - Ultimate Thread Group 2-8,text,true,,1470,272,10,10,https://api.clickup.com/api/v2/user,127,0,44
1781945286727,156,Get Authorized User,429,Too Many Requests,jp@gc - Ultimate Thread Group 2-9,text,false,Test failed: code expected to match /200/,1079,272,10,10,https://api.clickup.com/api/v2/user,156,0,67
1781945286857,108,Get Authorized User,429,Too Many Requests,jp@gc - Ultimate Thread Group 2-10,text,false,Test failed: code expected to match /200/,1079,272,10,10,https://api.clickup.com/api/v2/user,108,0,43
1781945286866,113,Get Authorized User,429,Too Many Requests,jp@gc - Ultimate Thread Group 2-7,text,false,Test failed: code expected to match /200/,1079,272,10,10,https://api.clickup.com/api/v2/user,113,0,45
1781945286890,112,Get Authorized User,429,Too Many Requests,jp@gc - Ultimate Thread Group 2-6,text,false,Test failed: code expected to match /200/,1079,272,10,10,https://api.clickup.com/api/v2/user,112,0,46
1781945287134,114,Get Authorized User,429,Too Many Requests,jp@gc - Ultimate Thread Group 2-5,text,false,Test failed: code expected to match /200/,1079,272,10,10,https://api.clickup.com/api/v2/user,114,0,48
1781945286271,1114,Get Authorized User,429,Too Many Requests,jp@gc - Ultimate Thread Group 2-1,text,false,Test failed: code expected to match /200/,1079,272,10,10,https://api.clickup.com/api/v2/user,1114,0,1044
1781945287308,111,Get Authorized User,429,Too Many Requests,jp@gc - Ultimate Thread Group 2-3,text,false,Test failed: code expected to match /200/,1078,272,10,10,https://api.clickup.com/api/v2/user,111,0,45
1781945287827,117,Get Authorized User,429,Too Many Requests,jp@gc - Ultimate Thread Group 2-8,text,false,Test failed: code expected to match /200/,1079,272,10,10,https://api.clickup.com/api/v2/user,117,0,51
1781945287972,111,Get Authorized User,429,Too Many Requests,jp@gc - Ultimate Thread Group 2-10,text,false,Test failed: code expected to match /200/,1078,272,10,10,https://api.clickup.com/api/v2/user,111,0,43
1781945287985,114,Get Authorized User,429,Too Many Requests,jp@gc - Ultimate Thread Group 2-7,text,false,Test failed: code expected to match /200/,1079,272,10,10,https://api.clickup.com/api/v2/user,114,0,43
1781945288006,112,Get Authorized User,429,Too Many Requests,jp@gc - Ultimate Thread Group 2-6,text,false,Test failed: code expected to match /200/,1079,272,10,10,https://api.clickup.com/api/v2/user,112,0,43
1781945288254,111,Get Authorized User,429,Too Many Requests,jp@gc - Ultimate Thread Group 2-5,text,false,Test failed: code expected to match /200/,1079,272,10,10,https://api.clickup.com/api/v2/user,111,0,46
1781945288391,111,Get Authorized User,429,Too Many Requests,jp@gc - Ultimate Thread Group 2-1,text,false,Test failed: code expected to match /200/,1079,272,10,10,https://api.clickup.com/api/v2/user,111,0,42
1781945287889,1121,Get Authorized User,429,Too Many Requests,jp@gc - Ultimate Thread Group 2-9,text,false,Test failed: code expected to match /200/,1079,272,10,10,https://api.clickup.com/api/v2/user,1121,0,1042
1781945288947,116,Get Authorized User,429,Too Many Requests,jp@gc - Ultimate Thread Group 2-8,text,false,Test failed: code expected to match /200/,1079,272,10,10,https://api.clickup.com/api/v2/user,116,0,43
1781945289105,111,Get Authorized User,429,Too Many Requests,jp@gc - Ultimate Thread Group 2-7,text,false,Test failed: code expected to match /200/,1079,272,10,10,https://api.clickup.com/api/v2/user,111,0,47
1781945289120,119,Get Authorized User,429,Too Many Requests,jp@gc - Ultimate Thread Group 2-6,text,false,Test failed: code expected to match /200/,1079,272,10,10,https://api.clickup.com/api/v2/user,119,0,44
1781945287135,2106,Get Authorized User,429,Too Many Requests,jp@gc - Ultimate Thread Group 2-4,text,false,Test failed: code expected to match /200/,1079,272,10,10,https://api.clickup.com/api/v2/user,2106,0,2041
1781945289367,114,Get Authorized User,429,Too Many Requests,jp@gc - Ultimate Thread Group 2-5,text,false,Test failed: code expected to match /200/,1079,272,10,10,https://api.clickup.com/api/v2/user,114,0,46
1781945289508,112,Get Authorized User,429,Too Many Requests,jp@gc - Ultimate Thread Group 2-1,text,false,Test failed: code expected to match /200/,1079,272,10,10,https://api.clickup.com/api/v2/user,112,0,50
1781945290016,117,Get Authorized User,429,Too Many Requests,jp@gc - Ultimate Thread Group 2-9,text,false,Test failed: code expected to match /200/,1078,272,10,10,https://api.clickup.com/api/v2/user,117,0,53
1781945290066,124,Get Authorized User,429,Too Many Requests,jp@gc - Ultimate Thread Group 2-8,text,false,Test failed: code expected to match /200/,1079,272,10,10,https://api.clickup.com/api/v2/user,124,0,52
1781945289085,1119,Get Authorized User,429,Too Many Requests,jp@gc - Ultimate Thread Group 2-10,text,false,Test failed: code expected to match /200/,1079,272,10,10,https://api.clickup.com/api/v2/user,1119,0,1043
1781945290223,117,Get Authorized User,429,Too Many Requests,jp@gc - Ultimate Thread Group 2-7,text,false,Test failed: code expected to match /200/,1079,272,10,10,https://api.clickup.com/api/v2/user,117,0,45
1781945287388,3119,Get Authorized User,429,Too Many Requests,jp@gc - Ultimate Thread Group 2-2,text,false,Test failed: code expected to match /200/,1079,272,10,10,https://api.clickup.com/api/v2/user,3119,0,3048
1781945288425,2119,Get Authorized User,429,Too Many Requests,jp@gc - Ultimate Thread Group 2-3,text,false,Test failed: code expected to match /200/,1079,272,10,10,https://api.clickup.com/api/v2/user,2119,0,2044
1781945290502,111,Get Authorized User,429,Too Many Requests,jp@gc - Ultimate Thread Group 2-5,text,false,Test failed: code expected to match /200/,1079,272,10,10,https://api.clickup.com/api/v2/user,111,0,42
1781945290624,110,Get Authorized User,429,Too Many Requests,jp@gc - Ultimate Thread Group 2-1,text,false,Test failed: code expected to match /200/,1079,272,10,10,https://api.clickup.com/api/v2/user,110,0,44
1781945291137,137,Get Authorized User,429,Too Many Requests,jp@gc - Ultimate Thread Group 2-9,text,false,Test failed: code expected to match /200/,1079,272,10,10,https://api.clickup.com/api/v2/user,137,0,52
1781945291209,131,Get Authorized User,429,Too Many Requests,jp@gc - Ultimate Thread Group 2-10,text,false,Test failed: code expected to match /200/,1079,272,10,10,https://api.clickup.com/api/v2/user,131,0,67
1781945291196,153,Get Authorized User,429,Too Many Requests,jp@gc - Ultimate Thread Group 2-8,text,false,Test failed: code expected to match /200/,1079,272,10,10,https://api.clickup.com/api/v2/user,153,0,81
1781945290242,1120,Get Authorized User,429,Too Many Requests,jp@gc - Ultimate Thread Group 2-4,text,false,Test failed: code expected to match /200/,1079,272,10,10,https://api.clickup.com/api/v2/user,1120,0,1057
1781945290241,1122,Get Authorized User,429,Too Many Requests,jp@gc - Ultimate Thread Group 2-6,text,false,Test failed: code expected to match /200/,1079,272,10,10,https://api.clickup.com/api/v2/user,1122,0,1058
1781945291515,131,Get Authorized User,429,Too Many Requests,jp@gc - Ultimate Thread Group 2-2,text,false,Test failed: code expected to match /200/,1079,272,10,10,https://api.clickup.com/api/v2/user,131,0,65
1781945291550,109,Get Authorized User,429,Too Many Requests,jp@gc - Ultimate Thread Group 2-3,text,false,Test failed: code expected to match /200/,1079,272,10,10,https://api.clickup.com/api/v2/user,109,0,44
1781945291616,111,Get Authorized User,429,Too Many Requests,jp@gc - Ultimate Thread Group 2-5,text,false,Test failed: code expected to match /200/,1078,272,10,10,https://api.clickup.com/api/v2/user,111,0,47
1781945291747,120,Get Authorized User,429,Too Many Requests,jp@gc - Ultimate Thread Group 2-1,text,false,Test failed: code expected to match /200/,1079,272,10,10,https://api.clickup.com/api/v2/user,120,0,46
1781945292277,118,Get Authorized User,429,Too Many Requests,jp@gc - Ultimate Thread Group 2-9,text,false,Test failed: code expected to match /200/,1079,272,10,10,https://api.clickup.com/api/v2/user,118,0,53
1781945291343,1118,Get Authorized User,429,Too Many Requests,jp@gc - Ultimate Thread Group 2-7,text,false,Test failed: code expected to match /200/,1079,272,10,10,https://api.clickup.com/api/v2/user,1118,0,1050
1781945292355,119,Get Authorized User,429,Too Many Requests,jp@gc - Ultimate Thread Group 2-8,text,false,Test failed: code expected to match /200/,1079,272,10,10,https://api.clickup.com/api/v2/user,119,0,50
1781945292368,112,Get Authorized User,429,Too Many Requests,jp@gc - Ultimate Thread Group 2-6,text,false,Test failed: code expected to match /200/,1078,272,10,10,https://api.clickup.com/api/v2/user,112,0,48
1781945292367,113,Get Authorized User,429,Too Many Requests,jp@gc - Ultimate Thread Group 2-4,text,false,Test failed: code expected to match /200/,1079,272,10,10,https://api.clickup.com/api/v2/user,113,0,49
1781945292660,117,Get Authorized User,429,Too Many Requests,jp@gc - Ultimate Thread Group 2-3,text,false,Test failed: code expected to match /200/,1079,272,10,10,https://api.clickup.com/api/v2/user,117,0,45
1781945292649,159,Get Authorized User,429,Too Many Requests,jp@gc - Ultimate Thread Group 2-2,text,false,Test failed: code expected to match /200/,1079,272,10,10,https://api.clickup.com/api/v2/user,159,0,45
1781945292874,189,Get Authorized User,429,Too Many Requests,jp@gc - Ultimate Thread Group 2-1,text,false,Test failed: code expected to match /200/,1079,272,10,10,https://api.clickup.com/api/v2/user,189,0,91
1781945292346,1118,Get Authorized User,429,Too Many Requests,jp@gc - Ultimate Thread Group 2-10,text,false,Test failed: code expected to match /200/,1079,272,18,18,https://api.clickup.com/api/v2/user,1118,0,1051
1781945293399,112,Get Authorized User,429,Too Many Requests,jp@gc - Ultimate Thread Group 2-9,text,false,Test failed: code expected to match /200/,1079,272,19,19,https://api.clickup.com/api/v2/user,111,0,45
1781945293466,110,Get Authorized User,429,Too Many Requests,jp@gc - Ultimate Thread Group 2-7,text,false,Test failed: code expected to match /200/,1079,272,21,21,https://api.clickup.com/api/v2/user,110,0,44
1781945293480,109,Get Authorized User,429,Too Many Requests,jp@gc - Ultimate Thread Group 2-8,text,false,Test failed: code expected to match /200/,1079,272,21,21,https://api.clickup.com/api/v2/user,109,0,42
1781945293486,113,Get Authorized User,429,Too Many Requests,jp@gc - Ultimate Thread Group 2-6,text,false,Test failed: code expected to match /200/,1079,272,21,21,https://api.clickup.com/api/v2/user,113,0,45
1781945293814,111,Get Authorized User,429,Too Many Requests,jp@gc - Ultimate Thread Group 2-2,text,false,Test failed: code expected to match /200/,1079,272,28,28,https://api.clickup.com/api/v2/user,111,0,48
1781945294116,113,Get Authorized User,429,Too Many Requests,jp@gc - Ultimate Thread Group 2-29,text,false,Test failed: code expected to match /200/,1079,272,30,30,https://api.clickup.com/api/v2/user,113,0,44
1781945294075,198,Get Authorized User,429,Too Many Requests,jp@gc - Ultimate Thread Group 2-30,text,false,Test failed: code expected to match /200/,1078,272,30,30,https://api.clickup.com/api/v2/user,198,0,98
1781945294166,135,Get Authorized User,429,Too Many Requests,jp@gc - Ultimate Thread Group 2-28,text,false,Test failed: code expected to match /200/,1079,272,30,30,https://api.clickup.com/api/v2/user,135,0,46
1781945294215,112,Get Authorized User,429,Too Many Requests,jp@gc - Ultimate Thread Group 2-27,text,false,Test failed: code expected to match /200/,1078,272,30,30,https://api.clickup.com/api/v2/user,112,0,45
1781945294318,117,Get Authorized User,429,Too Many Requests,jp@gc - Ultimate Thread Group 2-25,text,false,Test failed: code expected to match /200/,1079,272,30,30,https://api.clickup.com/api/v2/user,117,0,43
1781945294366,116,Get Authorized User,429,Too Many Requests,jp@gc - Ultimate Thread Group 2-24,text,false,Test failed: code expected to match /200/,1079,272,30,30,https://api.clickup.com/api/v2/user,116,0,42
1781945294416,107,Get Authorized User,429,Too Many Requests,jp@gc - Ultimate Thread Group 2-23,text,false,Test failed: code expected to match /200/,1078,272,30,30,https://api.clickup.com/api/v2/user,107,0,44
1781945294466,108,Get Authorized User,429,Too Many Requests,jp@gc - Ultimate Thread Group 2-22,text,false,Test failed: code expected to match /200/,1079,272,30,30,https://api.clickup.com/api/v2/user,108,0,43
1781945294468,112,Get Authorized User,429,Too Many Requests,jp@gc - Ultimate Thread Group 2-10,text,false,Test failed: code expected to match /200/,1079,272,30,30,https://api.clickup.com/api/v2/user,112,0,45
1781945293486,1108,Get Authorized User,429,Too Many Requests,jp@gc - Ultimate Thread Group 2-4,text,false,Test failed: code expected to match /200/,1079,272,30,30,https://api.clickup.com/api/v2/user,1108,0,1043
1781945294515,107,Get Authorized User,429,Too Many Requests,jp@gc - Ultimate Thread Group 2-9,text,false,Test failed: code expected to match /200/,1078,272,30,30,https://api.clickup.com/api/v2/user,107,0,41
1781945294519,104,Get Authorized User,429,Too Many Requests,jp@gc - Ultimate Thread Group 2-21,text,false,Test failed: code expected to match /200/,1079,272,30,30,https://api.clickup.com/api/v2/user,104,0,39
1781945294569,108,Get Authorized User,429,Too Many Requests,jp@gc - Ultimate Thread Group 2-20,text,false,Test failed: code expected to match /200/,1079,272,30,30,https://api.clickup.com/api/v2/user,108,0,40
1781945294581,108,Get Authorized User,429,Too Many Requests,jp@gc - Ultimate Thread Group 2-7,text,false,Test failed: code expected to match /200/,1078,272,30,30,https://api.clickup.com/api/v2/user,108,0,43
1781945294668,126,Get Authorized User,429,Too Many Requests,jp@gc - Ultimate Thread Group 2-18,text,false,Test failed: code expected to match /200/,1079,272,30,30,https://api.clickup.com/api/v2/user,126,0,45
1781945294719,110,Get Authorized User,429,Too Many Requests,jp@gc - Ultimate Thread Group 2-17,text,false,Test failed: code expected to match /200/,1079,272,30,30,https://api.clickup.com/api/v2/user,110,0,44
1781945292732,2107,Get Authorized User,429,Too Many Requests,jp@gc - Ultimate Thread Group 2-5,text,false,Test failed: code expected to match /200/,1079,272,30,30,https://api.clickup.com/api/v2/user,2107,0,2042
1781945294766,111,Get Authorized User,429,Too Many Requests,jp@gc - Ultimate Thread Group 2-16,text,false,Test failed: code expected to match /200/,1079,272,30,30,https://api.clickup.com/api/v2/user,111,0,42
1781945293783,1118,Get Authorized User,429,Too Many Requests,jp@gc - Ultimate Thread Group 2-3,text,false,Test failed: code expected to match /200/,1079,272,30,30,https://api.clickup.com/api/v2/user,1118,0,1045
1781945294920,115,Get Authorized User,429,Too Many Requests,jp@gc - Ultimate Thread Group 2-13,text,false,Test failed: code expected to match /200/,1079,272,30,30,https://api.clickup.com/api/v2/user,115,0,44
1781945294931,106,Get Authorized User,429,Too Many Requests,jp@gc - Ultimate Thread Group 2-2,text,false,Test failed: code expected to match /200/,1079,272,30,30,https://api.clickup.com/api/v2/user,106,0,42
1781945294966,110,Get Authorized User,429,Too Many Requests,jp@gc - Ultimate Thread Group 2-12,text,false,Test failed: code expected to match /200/,1079,272,30,30,https://api.clickup.com/api/v2/user,110,0,43
1781945295019,106,Get Authorized User,429,Too Many Requests,jp@gc - Ultimate Thread Group 2-11,text,false,Test failed: code expected to match /200/,1079,272,30,30,https://api.clickup.com/api/v2/user,106,0,41
1781945294066,1118,Get Authorized User,429,Too Many Requests,jp@gc - Ultimate Thread Group 2-1,text,false,Test failed: code expected to match /200/,1079,272,30,30,https://api.clickup.com/api/v2/user,1118,0,1041
1781945294266,1116,Get Authorized User,429,Too Many Requests,jp@gc - Ultimate Thread Group 2-26,text,false,Test failed: code expected to match /200/,1079,272,30,30,https://api.clickup.com/api/v2/user,1116,0,1045
1781945295280,110,Get Authorized User,429,Too Many Requests,jp@gc - Ultimate Thread Group 2-30,text,false,Test failed: code expected to match /200/,1079,272,30,30,https://api.clickup.com/api/v2/user,110,0,44
1781945295307,115,Get Authorized User,429,Too Many Requests,jp@gc - Ultimate Thread Group 2-28,text,false,Test failed: code expected to match /200/,1078,272,30,30,https://api.clickup.com/api/v2/user,115,0,45
1781945295333,149,Get Authorized User,429,Too Many Requests,jp@gc - Ultimate Thread Group 2-27,text,false,Test failed: code expected to match /200/,1079,272,30,30,https://api.clickup.com/api/v2/user,149,0,43
1781945295538,108,Get Authorized User,429,Too Many Requests,jp@gc - Ultimate Thread Group 2-23,text,false,Test failed: code expected to match /200/,1079,272,30,30,https://api.clickup.com/api/v2/user,108,0,44
1781945295582,103,Get Authorized User,429,Too Many Requests,jp@gc - Ultimate Thread Group 2-10,text,false,Test failed: code expected to match /200/,1079,272,30,30,https://api.clickup.com/api/v2/user,103,0,40
1781945295579,111,Get Authorized User,429,Too Many Requests,jp@gc - Ultimate Thread Group 2-22,text,false,Test failed: code expected to match /200/,1078,272,30,30,https://api.clickup.com/api/v2/user,111,0,43
1781945294591,1106,Get Authorized User,429,Too Many Requests,jp@gc - Ultimate Thread Group 2-8,text,false,Test failed: code expected to match /200/,1079,272,30,30,https://api.clickup.com/api/v2/user,1106,0,1042
1781945295600,111,Get Authorized User,429,Too Many Requests,jp@gc - Ultimate Thread Group 2-4,text,false,Test failed: code expected to match /200/,1079,272,30,30,https://api.clickup.com/api/v2/user,111,0,44
1781945294603,1127,Get Authorized User,429,Too Many Requests,jp@gc - Ultimate Thread Group 2-6,text,false,Test failed: code expected to match /200/,1079,272,30,30,https://api.clickup.com/api/v2/user,1127,0,1049
1781945295629,106,Get Authorized User,429,Too Many Requests,jp@gc - Ultimate Thread Group 2-21,text,false,Test failed: code expected to match /200/,1078,272,30,30,https://api.clickup.com/api/v2/user,106,0,40
1781945295624,118,Get Authorized User,429,Too Many Requests,jp@gc - Ultimate Thread Group 2-9,text,false,Test failed: code expected to match /200/,1079,272,30,30,https://api.clickup.com/api/v2/user,118,0,44
1781945295682,105,Get Authorized User,429,Too Many Requests,jp@gc - Ultimate Thread Group 2-20,text,false,Test failed: code expected to match /200/,1077,272,30,30,https://api.clickup.com/api/v2/user,105,0,41
1781945295800,106,Get Authorized User,429,Too Many Requests,jp@gc - Ultimate Thread Group 2-18,text,false,Test failed: code expected to match /200/,1078,272,30,30,https://api.clickup.com/api/v2/user,106,0,43
1781945294816,1131,Get Authorized User,429,Too Many Requests,jp@gc - Ultimate Thread Group 2-15,text,false,Test failed: code expected to match /200/,1079,272,30,30,https://api.clickup.com/api/v2/user,1131,0,1041
1781945295844,111,Get Authorized User,429,Too Many Requests,jp@gc - Ultimate Thread Group 2-5,text,false,Test failed: code expected to match /200/,1079,272,30,30,https://api.clickup.com/api/v2/user,111,0,47
1781945294870,1110,Get Authorized User,429,Too Many Requests,jp@gc - Ultimate Thread Group 2-14,text,false,Test failed: code expected to match /200/,1079,272,30,30,https://api.clickup.com/api/v2/user,1110,0,1046
1781945295883,110,Get Authorized User,429,Too Many Requests,jp@gc - Ultimate Thread Group 2-16,text,false,Test failed: code expected to match /200/,1079,272,30,30,https://api.clickup.com/api/v2/user,110,0,45
1781945294616,1414,Get Authorized User,429,Too Many Requests,jp@gc - Ultimate Thread Group 2-19,text,false,Test failed: code expected to match /200/,1079,272,30,30,https://api.clickup.com/api/v2/user,1414,0,1080
1781945295903,117,Get Authorized User,429,Too Many Requests,jp@gc - Ultimate Thread Group 2-3,text,false,Test failed: code expected to match /200/,1079,272,30,30,https://api.clickup.com/api/v2/user,117,0,48
1781945296041,108,Get Authorized User,429,Too Many Requests,jp@gc - Ultimate Thread Group 2-13,text,false,Test failed: code expected to match /200/,1079,272,30,30,https://api.clickup.com/api/v2/user,108,0,43
1781945296041,115,Get Authorized User,429,Too Many Requests,jp@gc - Ultimate Thread Group 2-2,text,false,Test failed: code expected to match /200/,1079,272,30,30,https://api.clickup.com/api/v2/user,115,0,43
1781945296081,129,Get Authorized User,429,Too Many Requests,jp@gc - Ultimate Thread Group 2-12,text,false,Test failed: code expected to match /200/,1079,272,30,30,https://api.clickup.com/api/v2/user,129,0,42
1781945296128,117,Get Authorized User,429,Too Many Requests,jp@gc - Ultimate Thread Group 2-11,text,false,Test failed: code expected to match /200/,1079,272,30,30,https://api.clickup.com/api/v2/user,117,0,43
1781945296187,113,Get Authorized User,429,Too Many Requests,jp@gc - Ultimate Thread Group 2-1,text,false,Test failed: code expected to match /200/,1079,272,30,30,https://api.clickup.com/api/v2/user,113,0,49
1781945295237,1119,Get Authorized User,429,Too Many Requests,jp@gc - Ultimate Thread Group 2-29,text,false,Test failed: code expected to match /200/,1079,272,30,30,https://api.clickup.com/api/v2/user,1119,0,1044
1781945296397,112,Get Authorized User,429,Too Many Requests,jp@gc - Ultimate Thread Group 2-30,text,false,Test failed: code expected to match /200/,1079,272,30,30,https://api.clickup.com/api/v2/user,112,0,47
1781945296387,150,Get Authorized User,429,Too Many Requests,jp@gc - Ultimate Thread Group 2-26,text,false,Test failed: code expected to match /200/,1079,272,30,30,https://api.clickup.com/api/v2/user,150,0,43
1781945295442,1115,Get Authorized User,429,Too Many Requests,jp@gc - Ultimate Thread Group 2-25,text,false,Test failed: code expected to match /200/,1079,272,30,30,https://api.clickup.com/api/v2/user,1115,0,1047
1781945296487,105,Get Authorized User,429,Too Many Requests,jp@gc - Ultimate Thread Group 2-27,text,false,Test failed: code expected to match /200/,1079,272,30,30,https://api.clickup.com/api/v2/user,105,0,42
1781945295488,1109,Get Authorized User,429,Too Many Requests,jp@gc - Ultimate Thread Group 2-24,text,false,Test failed: code expected to match /200/,1079,272,30,30,https://api.clickup.com/api/v2/user,1109,0,1044
1781945296691,113,Get Authorized User,429,Too Many Requests,jp@gc - Ultimate Thread Group 2-10,text,false,Test failed: code expected to match /200/,1079,272,30,30,https://api.clickup.com/api/v2/user,113,0,46
1781945296696,117,Get Authorized User,429,Too Many Requests,jp@gc - Ultimate Thread Group 2-22,text,false,Test failed: code expected to match /200/,1079,272,30,30,https://api.clickup.com/api/v2/user,117,0,45
1781945295690,1126,Get Authorized User,429,Too Many Requests,jp@gc - Ultimate Thread Group 2-7,text,false,Test failed: code expected to match /200/,1078,272,30,30,https://api.clickup.com/api/v2/user,1126,0,1047
1781945296704,124,Get Authorized User,429,Too Many Requests,jp@gc - Ultimate Thread Group 2-8,text,false,Test failed: code expected to match /200/,1079,272,30,30,https://api.clickup.com/api/v2/user,124,0,42
1781945296732,122,Get Authorized User,429,Too Many Requests,jp@gc - Ultimate Thread Group 2-6,text,false,Test failed: code expected to match /200/,1079,272,30,30,https://api.clickup.com/api/v2/user,122,0,45
1781945296748,114,Get Authorized User,429,Too Many Requests,jp@gc - Ultimate Thread Group 2-9,text,false,Test failed: code expected to match /200/,1078,272,30,30,https://api.clickup.com/api/v2/user,114,0,46
1781945296791,105,Get Authorized User,429,Too Many Requests,jp@gc - Ultimate Thread Group 2-20,text,false,Test failed: code expected to match /200/,1078,272,30,30,https://api.clickup.com/api/v2/user,105,0,43
1781945296741,187,Get Authorized User,429,Too Many Requests,jp@gc - Ultimate Thread Group 2-21,text,false,Test failed: code expected to match /200/,1079,272,30,30,https://api.clickup.com/api/v2/user,187,0,96
1781945295833,1111,Get Authorized User,429,Too Many Requests,jp@gc - Ultimate Thread Group 2-17,text,false,Test failed: code expected to match /200/,1079,272,30,30,https://api.clickup.com/api/v2/user,1111,0,1047
1781945296961,117,Get Authorized User,429,Too Many Requests,jp@gc - Ultimate Thread Group 2-5,text,false,Test failed: code expected to match /200/,1079,272,30,30,https://api.clickup.com/api/v2/user,117,0,51
1781945296999,110,Get Authorized User,429,Too Many Requests,jp@gc - Ultimate Thread Group 2-16,text,false,Test failed: code expected to match /200/,1079,272,30,30,https://api.clickup.com/api/v2/user,110,0,43
1781945297045,111,Get Authorized User,429,Too Many Requests,jp@gc - Ultimate Thread Group 2-19,text,false,Test failed: code expected to match /200/,1079,272,30,30,https://api.clickup.com/api/v2/user,111,0,39
1781945297041,120,Get Authorized User,429,Too Many Requests,jp@gc - Ultimate Thread Group 2-3,text,false,Test failed: code expected to match /200/,1079,272,30,30,https://api.clickup.com/api/v2/user,120,0,50
1781945296987,190,Get Authorized User,429,Too Many Requests,jp@gc - Ultimate Thread Group 2-14,text,false,Test failed: code expected to match /200/,1079,272,30,30,https://api.clickup.com/api/v2/user,190,0,80
1781945297155,152,Get Authorized User,429,Too Many Requests,jp@gc - Ultimate Thread Group 2-13,text,false,Test failed: code expected to match /200/,1079,272,30,30,https://api.clickup.com/api/v2/user,152,0,47
1781945297157,183,Get Authorized User,429,Too Many Requests,jp@gc - Ultimate Thread Group 2-2,text,false,Test failed: code expected to match /200/,1079,272,30,30,https://api.clickup.com/api/v2/user,183,0,94
1781945297307,106,Get Authorized User,429,Too Many Requests,jp@gc - Ultimate Thread Group 2-1,text,false,Test failed: code expected to match /200/,1079,272,30,30,https://api.clickup.com/api/v2/user,106,0,42
1781945296424,1114,Get Authorized User,429,Too Many Requests,jp@gc - Ultimate Thread Group 2-28,text,false,Test failed: code expected to match /200/,1079,272,30,30,https://api.clickup.com/api/v2/user,1114,0,1042
1781945297362,206,Get Authorized User,429,Too Many Requests,jp@gc - Ultimate Thread Group 2-29,text,false,Test failed: code expected to match /200/,1079,272,30,30,https://api.clickup.com/api/v2/user,206,0,90
1781945297511,118,Get Authorized User,429,Too Many Requests,jp@gc - Ultimate Thread Group 2-30,text,false,Test failed: code expected to match /200/,1079,272,30,30,https://api.clickup.com/api/v2/user,118,0,42
1781945297563,113,Get Authorized User,429,Too Many Requests,jp@gc - Ultimate Thread Group 2-25,text,false,Test failed: code expected to match /200/,1079,272,30,30,https://api.clickup.com/api/v2/user,113,0,44
1781945297598,105,Get Authorized User,429,Too Many Requests,jp@gc - Ultimate Thread Group 2-27,text,false,Test failed: code expected to match /200/,1079,272,30,30,https://api.clickup.com/api/v2/user,105,0,41
1781945297598,106,Get Authorized User,429,Too Many Requests,jp@gc - Ultimate Thread Group 2-24,text,false,Test failed: code expected to match /200/,1079,272,30,30,https://api.clickup.com/api/v2/user,106,0,38
1781945296652,1113,Get Authorized User,429,Too Many Requests,jp@gc - Ultimate Thread Group 2-23,text,false,Test failed: code expected to match /200/,1079,272,30,30,https://api.clickup.com/api/v2/user,1113,0,1042
1781945296716,1113,Get Authorized User,429,Too Many Requests,jp@gc - Ultimate Thread Group 2-4,text,false,Test failed: code expected to match /200/,1078,272,30,30,https://api.clickup.com/api/v2/user,1113,0,1040
1781945297817,104,Get Authorized User,429,Too Many Requests,jp@gc - Ultimate Thread Group 2-7,text,false,Test failed: code expected to match /200/,1079,272,30,30,https://api.clickup.com/api/v2/user,104,0,40
1781945297832,105,Get Authorized User,429,Too Many Requests,jp@gc - Ultimate Thread Group 2-8,text,false,Test failed: code expected to match /200/,1078,272,30,30,https://api.clickup.com/api/v2/user,105,0,39
1781945297815,122,Get Authorized User,429,Too Many Requests,jp@gc - Ultimate Thread Group 2-22,text,false,Test failed: code expected to match /200/,1079,272,30,30,https://api.clickup.com/api/v2/user,122,0,42
1781945297810,131,Get Authorized User,429,Too Many Requests,jp@gc - Ultimate Thread Group 2-10,text,false,Test failed: code expected to match /200/,1079,272,30,30,https://api.clickup.com/api/v2/user,131,0,39
1781945297868,106,Get Authorized User,429,Too Many Requests,jp@gc - Ultimate Thread Group 2-9,text,false,Test failed: code expected to match /200/,1079,272,30,30,https://api.clickup.com/api/v2/user,106,0,39
1781945297856,138,Get Authorized User,429,Too Many Requests,jp@gc - Ultimate Thread Group 2-6,text,false,Test failed: code expected to match /200/,1079,272,30,30,https://api.clickup.com/api/v2/user,138,0,48
1781945297900,106,Get Authorized User,429,Too Many Requests,jp@gc - Ultimate Thread Group 2-20,text,false,Test failed: code expected to match /200/,1079,272,30,30,https://api.clickup.com/api/v2/user,106,0,44
1781945297933,108,Get Authorized User,429,Too Many Requests,jp@gc - Ultimate Thread Group 2-21,text,false,Test failed: code expected to match /200/,1078,272,30,30,https://api.clickup.com/api/v2/user,108,0,42
1781945296912,1120,Get Authorized User,429,Too Many Requests,jp@gc - Ultimate Thread Group 2-18,text,false,Test failed: code expected to match /200/,1079,272,30,30,https://api.clickup.com/api/v2/user,1120,0,1042
1781945297949,103,Get Authorized User,429,Too Many Requests,jp@gc - Ultimate Thread Group 2-17,text,false,Test failed: code expected to match /200/,1079,272,30,30,https://api.clickup.com/api/v2/user,103,0,38
1781945296953,1108,Get Authorized User,429,Too Many Requests,jp@gc - Ultimate Thread Group 2-15,text,false,Test failed: code expected to match /200/,1079,272,30,30,https://api.clickup.com/api/v2/user,1108,0,1043
1781945298114,101,Get Authorized User,429,Too Many Requests,jp@gc - Ultimate Thread Group 2-16,text,false,Test failed: code expected to match /200/,1079,272,30,30,https://api.clickup.com/api/v2/user,101,0,39
1781945298079,137,Get Authorized User,429,Too Many Requests,jp@gc - Ultimate Thread Group 2-5,text,false,Test failed: code expected to match /200/,1079,272,30,30,https://api.clickup.com/api/v2/user,137,0,43
1781945298158,111,Get Authorized User,429,Too Many Requests,jp@gc - Ultimate Thread Group 2-19,text,false,Test failed: code expected to match /200/,1079,272,30,30,https://api.clickup.com/api/v2/user,111,0,39
1781945297214,1112,Get Authorized User,429,Too Many Requests,jp@gc - Ultimate Thread Group 2-12,text,false,Test failed: code expected to match /200/,1079,272,30,30,https://api.clickup.com/api/v2/user,1112,0,1046
1781945298183,149,Get Authorized User,429,Too Many Requests,jp@gc - Ultimate Thread Group 2-14,text,false,Test failed: code expected to match /200/,1078,272,30,30,https://api.clickup.com/api/v2/user,149,0,40
1781945297251,1111,Get Authorized User,429,Too Many Requests,jp@gc - Ultimate Thread Group 2-11,text,false,Test failed: code expected to match /200/,1079,272,30,30,https://api.clickup.com/api/v2/user,1111,0,1045
1781945298346,115,Get Authorized User,429,Too Many Requests,jp@gc - Ultimate Thread Group 2-2,text,false,Test failed: code expected to match /200/,1079,272,30,30,https://api.clickup.com/api/v2/user,115,0,43
1781945298419,110,Get Authorized User,429,Too Many Requests,jp@gc - Ultimate Thread Group 2-1,text,false,Test failed: code expected to match /200/,1079,272,30,30,https://api.clickup.com/api/v2/user,110,0,44
1781945297545,1105,Get Authorized User,429,Too Many Requests,jp@gc - Ultimate Thread Group 2-26,text,false,Test failed: code expected to match /200/,1079,272,30,30,https://api.clickup.com/api/v2/user,1105,0,1041
1781945298313,367,Get Authorized User,429,Too Many Requests,jp@gc - Ultimate Thread Group 2-13,text,false,Test failed: code expected to match /200/,1079,272,29,29,https://api.clickup.com/api/v2/user,367,0,86
1781945298573,107,Get Authorized User,429,Too Many Requests,jp@gc - Ultimate Thread Group 2-29,text,false,Test failed: code expected to match /200/,1079,272,29,29,https://api.clickup.com/api/v2/user,107,0,44
1781945298708,108,Get Authorized User,429,Too Many Requests,jp@gc - Ultimate Thread Group 2-27,text,false,Test failed: code expected to match /200/,1079,272,28,28,https://api.clickup.com/api/v2/user,108,0,46
1781945298708,115,Get Authorized User,429,Too Many Requests,jp@gc - Ultimate Thread Group 2-24,text,false,Test failed: code expected to match /200/,1078,272,27,27,https://api.clickup.com/api/v2/user,115,0,46
1781945298681,148,Get Authorized User,429,Too Many Requests,jp@gc - Ultimate Thread Group 2-25,text,false,Test failed: code expected to match /200/,1079,272,26,26,https://api.clickup.com/api/v2/user,148,0,47
1781945298771,120,Get Authorized User,429,Too Many Requests,jp@gc - Ultimate Thread Group 2-23,text,false,Test failed: code expected to match /200/,1078,272,25,25,https://api.clickup.com/api/v2/user,120,0,55
1781945298924,110,Get Authorized User,429,Too Many Requests,jp@gc - Ultimate Thread Group 2-7,text,false,Test failed: code expected to match /200/,1079,272,24,24,https://api.clickup.com/api/v2/user,110,0,46
1781945298943,121,Get Authorized User,429,Too Many Requests,jp@gc - Ultimate Thread Group 2-8,text,false,Test failed: code expected to match /200/,1077,272,24,24,https://api.clickup.com/api/v2/user,121,0,49
1781945298942,120,Get Authorized User,429,Too Many Requests,jp@gc - Ultimate Thread Group 2-22,text,false,Test failed: code expected to match /200/,1078,272,24,24,https://api.clickup.com/api/v2/user,120,0,50
1781945298980,111,Get Authorized User,429,Too Many Requests,jp@gc - Ultimate Thread Group 2-9,text,false,Test failed: code expected to match /200/,1079,272,23,23,https://api.clickup.com/api/v2/user,111,0,45
1781945299000,116,Get Authorized User,429,Too Many Requests,jp@gc - Ultimate Thread Group 2-6,text,false,Test failed: code expected to match /200/,1079,272,23,23,https://api.clickup.com/api/v2/user,116,0,46
1781945299012,123,Get Authorized User,429,Too Many Requests,jp@gc - Ultimate Thread Group 2-20,text,false,Test failed: code expected to match /200/,1079,272,23,23,https://api.clickup.com/api/v2/user,123,0,42
1781945299050,112,Get Authorized User,429,Too Many Requests,jp@gc - Ultimate Thread Group 2-21,text,false,Test failed: code expected to match /200/,1077,272,22,22,https://api.clickup.com/api/v2/user,112,0,42
1781945299055,122,Get Authorized User,429,Too Many Requests,jp@gc - Ultimate Thread Group 2-17,text,false,Test failed: code expected to match /200/,1079,272,21,21,https://api.clickup.com/api/v2/user,122,0,39
1781945299065,120,Get Authorized User,429,Too Many Requests,jp@gc - Ultimate Thread Group 2-15,text,false,Test failed: code expected to match /200/,1079,272,20,20,https://api.clickup.com/api/v2/user,120,0,42
1781945298166,1117,Get Authorized User,429,Too Many Requests,jp@gc - Ultimate Thread Group 2-3,text,false,Test failed: code expected to match /200/,1079,272,19,19,https://api.clickup.com/api/v2/user,1117,0,1042
1781945299219,121,Get Authorized User,429,Too Many Requests,jp@gc - Ultimate Thread Group 2-5,text,false,Test failed: code expected to match /200/,1079,272,19,19,https://api.clickup.com/api/v2/user,121,0,52
1781945299221,119,Get Authorized User,429,Too Many Requests,jp@gc - Ultimate Thread Group 2-16,text,false,Test failed: code expected to match /200/,1078,272,19,19,https://api.clickup.com/api/v2/user,119,0,45
1781945299275,120,Get Authorized User,429,Too Many Requests,jp@gc - Ultimate Thread Group 2-19,text,false,Test failed: code expected to match /200/,1078,272,18,18,https://api.clickup.com/api/v2/user,120,0,48
1781945299338,108,Get Authorized User,429,Too Many Requests,jp@gc - Ultimate Thread Group 2-14,text,false,Test failed: code expected to match /200/,1078,272,17,17,https://api.clickup.com/api/v2/user,108,0,44
1781945299328,135,Get Authorized User,429,Too Many Requests,jp@gc - Ultimate Thread Group 2-12,text,false,Test failed: code expected to match /200/,1078,272,16,16,https://api.clickup.com/api/v2/user,135,0,44
1781945299368,104,Get Authorized User,429,Too Many Requests,jp@gc - Ultimate Thread Group 2-11,text,false,Test failed: code expected to match /200/,1079,272,15,15,https://api.clickup.com/api/v2/user,104,0,43
1781945299467,109,Get Authorized User,429,Too Many Requests,jp@gc - Ultimate Thread Group 2-2,text,false,Test failed: code expected to match /200/,1079,272,14,14,https://api.clickup.com/api/v2/user,109,0,43
1781945298552,1111,Get Authorized User,429,Too Many Requests,jp@gc - Ultimate Thread Group 2-28,text,false,Test failed: code expected to match /200/,1079,272,14,14,https://api.clickup.com/api/v2/user,1111,0,1045
1781945299561,110,Get Authorized User,429,Too Many Requests,jp@gc - Ultimate Thread Group 2-1,text,false,Test failed: code expected to match /200/,1079,272,13,13,https://api.clickup.com/api/v2/user,110,0,41
1781945298635,1224,Get Authorized User,429,Too Many Requests,jp@gc - Ultimate Thread Group 2-30,text,false,Test failed: code expected to match /200/,1078,272,13,13,https://api.clickup.com/api/v2/user,1224,0,1059
1781945298832,1121,Get Authorized User,429,Too Many Requests,jp@gc - Ultimate Thread Group 2-4,text,false,Test failed: code expected to match /200/,1079,272,12,12,https://api.clickup.com/api/v2/user,1121,0,1047
1781945298942,1115,Get Authorized User,429,Too Many Requests,jp@gc - Ultimate Thread Group 2-10,text,false,Test failed: code expected to match /200/,1079,272,12,12,https://api.clickup.com/api/v2/user,1115,0,1048
1781945300040,105,Get Authorized User,429,Too Many Requests,jp@gc - Ultimate Thread Group 2-7,text,false,Test failed: code expected to match /200/,1078,272,12,12,https://api.clickup.com/api/v2/user,105,0,40
1781945299050,1103,Get Authorized User,429,Too Many Requests,jp@gc - Ultimate Thread Group 2-18,text,false,Test failed: code expected to match /200/,1079,272,12,12,https://api.clickup.com/api/v2/user,1103,0,1041
1781945300070,104,Get Authorized User,429,Too Many Requests,jp@gc - Ultimate Thread Group 2-8,text,false,Test failed: code expected to match /200/,1079,272,11,11,https://api.clickup.com/api/v2/user,104,0,41
1781945300116,112,Get Authorized User,429,Too Many Requests,jp@gc - Ultimate Thread Group 2-6,text,false,Test failed: code expected to match /200/,1079,272,11,11,https://api.clickup.com/api/v2/user,112,0,41
1781945300286,117,Get Authorized User,429,Too Many Requests,jp@gc - Ultimate Thread Group 2-3,text,false,Test failed: code expected to match /200/,1079,272,11,11,https://api.clickup.com/api/v2/user,117,0,45
1781945300346,118,Get Authorized User,429,Too Many Requests,jp@gc - Ultimate Thread Group 2-5,text,false,Test failed: code expected to match /200/,1077,272,11,11,https://api.clickup.com/api/v2/user,118,0,46
1781945299686,1109,Get Authorized User,429,Too Many Requests,jp@gc - Ultimate Thread Group 2-13,text,false,Test failed: code expected to match /200/,1078,272,11,11,https://api.clickup.com/api/v2/user,1109,0,1046
1781945300959,117,Get Authorized User,429,Too Many Requests,jp@gc - Ultimate Thread Group 2-4,text,false,Test failed: code expected to match /200/,1079,272,10,10,https://api.clickup.com/api/v2/user,117,0,49
1781945301078,115,Get Authorized User,429,Too Many Requests,jp@gc - Ultimate Thread Group 2-10,text,false,Test failed: code expected to match /200/,1079,272,10,10,https://api.clickup.com/api/v2/user,115,0,39
1781945301149,113,Get Authorized User,429,Too Many Requests,jp@gc - Ultimate Thread Group 2-7,text,false,Test failed: code expected to match /200/,1079,272,10,10,https://api.clickup.com/api/v2/user,113,0,42
1781945301179,111,Get Authorized User,429,Too Many Requests,jp@gc - Ultimate Thread Group 2-8,text,false,Test failed: code expected to match /200/,1078,272,10,10,https://api.clickup.com/api/v2/user,111,0,45
1781945301233,153,Get Authorized User,429,Too Many Requests,jp@gc - Ultimate Thread Group 2-6,text,false,Test failed: code expected to match /200/,1078,272,10,10,https://api.clickup.com/api/v2/user,153,0,60
1781945301409,109,Get Authorized User,429,Too Many Requests,jp@gc - Ultimate Thread Group 2-3,text,false,Test failed: code expected to match /200/,1079,272,10,10,https://api.clickup.com/api/v2/user,109,0,45
1781945300582,1108,Get Authorized User,429,Too Many Requests,jp@gc - Ultimate Thread Group 2-2,text,false,Test failed: code expected to match /200/,1079,272,10,10,https://api.clickup.com/api/v2/user,1108,0,1040
1781945300675,1114,Get Authorized User,429,Too Many Requests,jp@gc - Ultimate Thread Group 2-1,text,false,Test failed: code expected to match /200/,1079,272,10,10,https://api.clickup.com/api/v2/user,1114,0,1045
1781945300096,2116,Get Authorized User,429,Too Many Requests,jp@gc - Ultimate Thread Group 2-9,text,false,Test failed: code expected to match /200/,1079,272,10,10,https://api.clickup.com/api/v2/user,2116,0,2042
1781945302087,124,Get Authorized User,429,Too Many Requests,jp@gc - Ultimate Thread Group 2-4,text,false,Test failed: code expected to match /200/,1078,272,10,10,https://api.clickup.com/api/v2/user,124,0,43
1781945302194,113,Get Authorized User,429,Too Many Requests,jp@gc - Ultimate Thread Group 2-10,text,false,Test failed: code expected to match /200/,1079,272,10,10,https://api.clickup.com/api/v2/user,113,0,45
1781945302267,111,Get Authorized User,429,Too Many Requests,jp@gc - Ultimate Thread Group 2-7,text,false,Test failed: code expected to match /200/,1078,272,10,10,https://api.clickup.com/api/v2/user,111,0,43
1781945302391,108,Get Authorized User,429,Too Many Requests,jp@gc - Ultimate Thread Group 2-6,text,false,Test failed: code expected to match /200/,1079,272,10,10,https://api.clickup.com/api/v2/user,108,0,43
1781945301469,1116,Get Authorized User,429,Too Many Requests,jp@gc - Ultimate Thread Group 2-5,text,false,Test failed: code expected to match /200/,1079,272,10,10,https://api.clickup.com/api/v2/user,1116,0,1045
1781945302795,107,Get Authorized User,429,Too Many Requests,jp@gc - Ultimate Thread Group 2-1,text,false,Test failed: code expected to match /200/,1079,272,10,10,https://api.clickup.com/api/v2/user,107,0,43
1781945303216,125,Get Authorized User,429,Too Many Requests,jp@gc - Ultimate Thread Group 2-9,text,false,Test failed: code expected to match /200/,1078,272,10,10,https://api.clickup.com/api/v2/user,125,0,52
1781945303217,132,Get Authorized User,429,Too Many Requests,jp@gc - Ultimate Thread Group 2-4,text,false,Test failed: code expected to match /200/,1079,272,10,10,https://api.clickup.com/api/v2/user,132,0,51
1781945303314,106,Get Authorized User,429,Too Many Requests,jp@gc - Ultimate Thread Group 2-10,text,false,Test failed: code expected to match /200/,1079,272,10,10,https://api.clickup.com/api/v2/user,106,0,41
1781945303385,112,Get Authorized User,429,Too Many Requests,jp@gc - Ultimate Thread Group 2-7,text,false,Test failed: code expected to match /200/,1079,272,10,10,https://api.clickup.com/api/v2/user,112,0,44
1781945302524,1113,Get Authorized User,429,Too Many Requests,jp@gc - Ultimate Thread Group 2-3,text,false,Test failed: code expected to match /200/,1079,272,10,10,https://api.clickup.com/api/v2/user,1113,0,1045
1781945303509,135,Get Authorized User,429,Too Many Requests,jp@gc - Ultimate Thread Group 2-6,text,false,Test failed: code expected to match /200/,1079,272,10,10,https://api.clickup.com/api/v2/user,135,0,47
1781945303595,109,Get Authorized User,429,Too Many Requests,jp@gc - Ultimate Thread Group 2-5,text,false,Test failed: code expected to match /200/,1078,272,10,10,https://api.clickup.com/api/v2/user,109,0,43
1781945302696,1110,Get Authorized User,429,Too Many Requests,jp@gc - Ultimate Thread Group 2-2,text,false,Test failed: code expected to match /200/,1079,272,10,10,https://api.clickup.com/api/v2/user,1110,0,1045
1781945303908,112,Get Authorized User,429,Too Many Requests,jp@gc - Ultimate Thread Group 2-1,text,false,Test failed: code expected to match /200/,1079,272,10,10,https://api.clickup.com/api/v2/user,112,0,44
1781945302291,2118,Get Authorized User,429,Too Many Requests,jp@gc - Ultimate Thread Group 2-8,text,false,Test failed: code expected to match /200/,1079,272,10,10,https://api.clickup.com/api/v2/user,2117,0,2053
1781945304352,106,Get Authorized User,429,Too Many Requests,jp@gc - Ultimate Thread Group 2-4,text,false,Test failed: code expected to match /200/,1079,272,10,10,https://api.clickup.com/api/v2/user,106,0,42
1781945304343,115,Get Authorized User,429,Too Many Requests,jp@gc - Ultimate Thread Group 2-9,text,false,Test failed: code expected to match /200/,1079,272,10,10,https://api.clickup.com/api/v2/user,115,0,50
1781945304426,170,Get Authorized User,429,Too Many Requests,jp@gc - Ultimate Thread Group 2-10,text,false,Test failed: code expected to match /200/,1079,272,10,10,https://api.clickup.com/api/v2/user,170,0,45
1781945304504,108,Get Authorized User,429,Too Many Requests,jp@gc - Ultimate Thread Group 2-7,text,false,Test failed: code expected to match /200/,1079,272,10,10,https://api.clickup.com/api/v2/user,108,0,43
1781945304641,110,Get Authorized User,429,Too Many Requests,jp@gc - Ultimate Thread Group 2-3,text,false,Test failed: code expected to match /200/,1079,272,10,10,https://api.clickup.com/api/v2/user,110,0,42
1781945304649,111,Get Authorized User,429,Too Many Requests,jp@gc - Ultimate Thread Group 2-6,text,false,Test failed: code expected to match /200/,1079,272,10,10,https://api.clickup.com/api/v2/user,111,0,45
1781945304708,107,Get Authorized User,429,Too Many Requests,jp@gc - Ultimate Thread Group 2-5,text,false,Test failed: code expected to match /200/,1079,272,10,10,https://api.clickup.com/api/v2/user,107,0,42
1781945304812,106,Get Authorized User,429,Too Many Requests,jp@gc - Ultimate Thread Group 2-2,text,false,Test failed: code expected to match /200/,1079,272,10,10,https://api.clickup.com/api/v2/user,106,0,42
1781945305026,178,Get Authorized User,429,Too Many Requests,jp@gc - Ultimate Thread Group 2-1,text,false,Test failed: code expected to match /200/,1079,272,10,10,https://api.clickup.com/api/v2/user,178,0,97
1781945305415,119,Get Authorized User,429,Too Many Requests,jp@gc - Ultimate Thread Group 2-8,text,false,Test failed: code expected to match /200/,1079,272,10,10,https://api.clickup.com/api/v2/user,119,0,52
1781945305464,135,Get Authorized User,429,Too Many Requests,jp@gc - Ultimate Thread Group 2-4,text,false,Test failed: code expected to match /200/,1078,272,10,10,https://api.clickup.com/api/v2/user,135,0,50
1781945305464,134,Get Authorized User,429,Too Many Requests,jp@gc - Ultimate Thread Group 2-9,text,false,Test failed: code expected to match /200/,1079,272,10,10,https://api.clickup.com/api/v2/user,134,0,47
1781945305617,120,Get Authorized User,429,Too Many Requests,jp@gc - Ultimate Thread Group 2-7,text,false,Test failed: code expected to match /200/,1078,272,10,10,https://api.clickup.com/api/v2/user,120,0,47
1781945305610,186,Get Authorized User,429,Too Many Requests,jp@gc - Ultimate Thread Group 2-10,text,false,Test failed: code expected to match /200/,1078,272,10,10,https://api.clickup.com/api/v2/user,186,0,95
1781945305757,111,Get Authorized User,429,Too Many Requests,jp@gc - Ultimate Thread Group 2-3,text,false,Test failed: code expected to match /200/,1079,272,10,10,https://api.clickup.com/api/v2/user,111,0,44
1781945305766,109,Get Authorized User,429,Too Many Requests,jp@gc - Ultimate Thread Group 2-6,text,false,Test failed: code expected to match /200/,1079,272,10,10,https://api.clickup.com/api/v2/user,109,0,44
1781945305924,113,Get Authorized User,429,Too Many Requests,jp@gc - Ultimate Thread Group 2-2,text,false,Test failed: code expected to match /200/,1079,272,10,10,https://api.clickup.com/api/v2/user,113,0,44
1781945305821,246,Get Authorized User,429,Too Many Requests,jp@gc - Ultimate Thread Group 2-5,text,false,Test failed: code expected to match /200/,1079,272,10,10,https://api.clickup.com/api/v2/user,246,0,167
1781945306210,109,Get Authorized User,429,Too Many Requests,jp@gc - Ultimate Thread Group 2-1,text,false,Test failed: code expected to match /200/,1079,272,10,10,https://api.clickup.com/api/v2/user,109,0,45
1781945306541,115,Get Authorized User,429,Too Many Requests,jp@gc - Ultimate Thread Group 2-8,text,false,Test failed: code expected to match /200/,1079,272,10,10,https://api.clickup.com/api/v2/user,115,0,45
1781945306620,108,Get Authorized User,429,Too Many Requests,jp@gc - Ultimate Thread Group 2-4,text,false,Test failed: code expected to match /200/,1079,272,10,10,https://api.clickup.com/api/v2/user,108,0,42
1781945306740,123,Get Authorized User,429,Too Many Requests,jp@gc - Ultimate Thread Group 2-7,text,false,Test failed: code expected to match /200/,1077,272,10,10,https://api.clickup.com/api/v2/user,123,0,46
1781945306802,115,Get Authorized User,429,Too Many Requests,jp@gc - Ultimate Thread Group 2-10,text,false,Test failed: code expected to match /200/,1079,272,10,10,https://api.clickup.com/api/v2/user,115,0,46
1781945306874,119,Get Authorized User,429,Too Many Requests,jp@gc - Ultimate Thread Group 2-3,text,false,Test failed: code expected to match /200/,1079,272,10,10,https://api.clickup.com/api/v2/user,119,0,47
1781945306620,396,Get Authorized User,429,Too Many Requests,jp@gc - Ultimate Thread Group 2-9,text,false,Test failed: code expected to match /200/,1079,272,10,10,https://api.clickup.com/api/v2/user,396,0,120
1781945307044,117,Get Authorized User,429,Too Many Requests,jp@gc - Ultimate Thread Group 2-2,text,false,Test failed: code expected to match /200/,1078,272,10,10,https://api.clickup.com/api/v2/user,117,0,44
1781945307074,109,Get Authorized User,429,Too Many Requests,jp@gc - Ultimate Thread Group 2-5,text,false,Test failed: code expected to match /200/,1079,272,10,10,https://api.clickup.com/api/v2/user,109,0,41
1781945307325,111,Get Authorized User,429,Too Many Requests,jp@gc - Ultimate Thread Group 2-1,text,false,Test failed: code expected to match /200/,1079,272,10,10,https://api.clickup.com/api/v2/user,111,0,46
1781945306880,661,Get Authorized User,429,Too Many Requests,jp@gc - Ultimate Thread Group 2-6,text,false,Test failed: code expected to match /200/,1079,272,10,10,https://api.clickup.com/api/v2/user,661,0,580
1781945307657,104,Get Authorized User,429,Too Many Requests,jp@gc - Ultimate Thread Group 2-8,text,false,Test failed: code expected to match /200/,1079,272,10,10,https://api.clickup.com/api/v2/user,104,0,39
1781945307731,115,Get Authorized User,429,Too Many Requests,jp@gc - Ultimate Thread Group 2-4,text,false,Test failed: code expected to match /200/,1079,272,10,10,https://api.clickup.com/api/v2/user,115,0,46
1781945307869,140,Get Authorized User,429,Too Many Requests,jp@gc - Ultimate Thread Group 2-7,text,false,Test failed: code expected to match /200/,1079,272,10,10,https://api.clickup.com/api/v2/user,139,0,48
1781945307923,122,Get Authorized User,429,Too Many Requests,jp@gc - Ultimate Thread Group 2-10,text,false,Test failed: code expected to match /200/,1079,272,10,10,https://api.clickup.com/api/v2/user,122,0,53
1781945307997,115,Get Authorized User,429,Too Many Requests,jp@gc - Ultimate Thread Group 2-3,text,false,Test failed: code expected to match /200/,1079,272,10,10,https://api.clickup.com/api/v2/user,115,0,47
1781945308018,118,Get Authorized User,429,Too Many Requests,jp@gc - Ultimate Thread Group 2-9,text,false,Test failed: code expected to match /200/,1079,272,10,10,https://api.clickup.com/api/v2/user,118,0,49
1781945308167,118,Get Authorized User,429,Too Many Requests,jp@gc - Ultimate Thread Group 2-2,text,false,Test failed: code expected to match /200/,1079,272,10,10,https://api.clickup.com/api/v2/user,118,0,42
1781945308188,110,Get Authorized User,429,Too Many Requests,jp@gc - Ultimate Thread Group 2-5,text,false,Test failed: code expected to match /200/,1079,272,10,10,https://api.clickup.com/api/v2/user,109,0,42
1781945308442,120,Get Authorized User,429,Too Many Requests,jp@gc - Ultimate Thread Group 2-1,text,false,Test failed: code expected to match /200/,1079,272,10,10,https://api.clickup.com/api/v2/user,120,0,50
1781945308547,112,Get Authorized User,429,Too Many Requests,jp@gc - Ultimate Thread Group 2-6,text,false,Test failed: code expected to match /200/,1079,272,10,10,https://api.clickup.com/api/v2/user,112,0,44
1781945308765,120,Get Authorized User,429,Too Many Requests,jp@gc - Ultimate Thread Group 2-8,text,false,Test failed: code expected to match /200/,1079,272,10,10,https://api.clickup.com/api/v2/user,120,0,43
1781945308852,109,Get Authorized User,429,Too Many Requests,jp@gc - Ultimate Thread Group 2-4,text,false,Test failed: code expected to match /200/,1079,272,10,10,https://api.clickup.com/api/v2/user,109,0,45
1781945309015,120,Get Authorized User,429,Too Many Requests,jp@gc - Ultimate Thread Group 2-7,text,false,Test failed: code expected to match /200/,1079,272,10,10,https://api.clickup.com/api/v2/user,120,0,49
1781945309052,109,Get Authorized User,429,Too Many Requests,jp@gc - Ultimate Thread Group 2-10,text,false,Test failed: code expected to match /200/,1079,272,10,10,https://api.clickup.com/api/v2/user,109,0,44
1781945309138,110,Get Authorized User,429,Too Many Requests,jp@gc - Ultimate Thread Group 2-3,text,false,Test failed: code expected to match /200/,1079,272,10,10,https://api.clickup.com/api/v2/user,110,0,43
1781945309138,138,Get Authorized User,429,Too Many Requests,jp@gc - Ultimate Thread Group 2-9,text,false,Test failed: code expected to match /200/,1078,272,10,10,https://api.clickup.com/api/v2/user,138,0,47
1781945309290,108,Get Authorized User,429,Too Many Requests,jp@gc - Ultimate Thread Group 2-2,text,false,Test failed: code expected to match /200/,1079,272,10,10,https://api.clickup.com/api/v2/user,108,0,41
1781945309304,127,Get Authorized User,429,Too Many Requests,jp@gc - Ultimate Thread Group 2-5,text,false,Test failed: code expected to match /200/,1078,272,10,10,https://api.clickup.com/api/v2/user,127,0,41
1781945309568,115,Get Authorized User,429,Too Many Requests,jp@gc - Ultimate Thread Group 2-1,text,false,Test failed: code expected to match /200/,1079,272,10,10,https://api.clickup.com/api/v2/user,115,0,49
1781945309664,122,Get Authorized User,429,Too Many Requests,jp@gc - Ultimate Thread Group 2-6,text,false,Test failed: code expected to match /200/,1079,272,10,10,https://api.clickup.com/api/v2/user,122,0,56
1781945309889,110,Get Authorized User,429,Too Many Requests,jp@gc - Ultimate Thread Group 2-8,text,false,Test failed: code expected to match /200/,1079,272,10,10,https://api.clickup.com/api/v2/user,110,0,44
1781945309965,114,Get Authorized User,429,Too Many Requests,jp@gc - Ultimate Thread Group 2-4,text,false,Test failed: code expected to match /200/,1079,272,10,10,https://api.clickup.com/api/v2/user,114,0,45
1781945310140,107,Get Authorized User,429,Too Many Requests,jp@gc - Ultimate Thread Group 2-7,text,false,Test failed: code expected to match /200/,1079,272,10,10,https://api.clickup.com/api/v2/user,107,0,43
1781945310166,107,Get Authorized User,429,Too Many Requests,jp@gc - Ultimate Thread Group 2-10,text,false,Test failed: code expected to match /200/,1079,272,10,10,https://api.clickup.com/api/v2/user,107,0,42
1781945310252,111,Get Authorized User,429,Too Many Requests,jp@gc - Ultimate Thread Group 2-3,text,false,Test failed: code expected to match /200/,1079,272,10,10,https://api.clickup.com/api/v2/user,111,0,45
1781945310282,114,Get Authorized User,429,Too Many Requests,jp@gc - Ultimate Thread Group 2-9,text,false,Test failed: code expected to match /200/,1078,272,10,10,https://api.clickup.com/api/v2/user,114,0,47
1781945310404,113,Get Authorized User,429,Too Many Requests,jp@gc - Ultimate Thread Group 2-2,text,false,Test failed: code expected to match /200/,1079,272,10,10,https://api.clickup.com/api/v2/user,113,0,47
1781945311082,117,Get Authorized User,429,Too Many Requests,jp@gc - Ultimate Thread Group 2-4,text,false,Test failed: code expected to match /200/,1079,272,10,10,https://api.clickup.com/api/v2/user,117,0,46
1781945311253,109,Get Authorized User,429,Too Many Requests,jp@gc - Ultimate Thread Group 2-7,text,false,Test failed: code expected to match /200/,1079,272,10,10,https://api.clickup.com/api/v2/user,109,0,43
1781945311279,112,Get Authorized User,429,Too Many Requests,jp@gc - Ultimate Thread Group 2-10,text,false,Test failed: code expected to match /200/,1079,272,10,10,https://api.clickup.com/api/v2/user,112,0,47
1781945311403,114,Get Authorized User,429,Too Many Requests,jp@gc - Ultimate Thread Group 2-9,text,false,Test failed: code expected to match /200/,1079,272,10,10,https://api.clickup.com/api/v2/user,114,0,51
1781945311523,174,Get Authorized User,429,Too Many Requests,jp@gc - Ultimate Thread Group 2-2,text,false,Test failed: code expected to match /200/,1079,272,10,10,https://api.clickup.com/api/v2/user,174,0,50
1781945310689,1137,Get Authorized User,429,Too Many Requests,jp@gc - Ultimate Thread Group 2-1,text,false,Test failed: code expected to match /200/,1078,272,10,10,https://api.clickup.com/api/v2/user,1137,0,1039
1781945310788,1107,Get Authorized User,429,Too Many Requests,jp@gc - Ultimate Thread Group 2-6,text,false,Test failed: code expected to match /200/,1079,272,10,10,https://api.clickup.com/api/v2/user,1107,0,1042
1781945311005,1114,Get Authorized User,429,Too Many Requests,jp@gc - Ultimate Thread Group 2-8,text,false,Test failed: code expected to match /200/,1079,272,10,10,https://api.clickup.com/api/v2/user,1114,0,1045
1781945311369,1118,Get Authorized User,429,Too Many Requests,jp@gc - Ultimate Thread Group 2-3,text,false,Test failed: code expected to match /200/,1079,272,10,10,https://api.clickup.com/api/v2/user,1117,0,1044
1781945312369,126,Get Authorized User,429,Too Many Requests,jp@gc - Ultimate Thread Group 2-7,text,false,Test failed: code expected to match /200/,1079,272,10,10,https://api.clickup.com/api/v2/user,126,0,49
1781945312398,125,Get Authorized User,429,Too Many Requests,jp@gc - Ultimate Thread Group 2-10,text,false,Test failed: code expected to match /200/,1079,272,10,10,https://api.clickup.com/api/v2/user,125,0,46
1781945310437,2117,Get Authorized User,429,Too Many Requests,jp@gc - Ultimate Thread Group 2-5,text,false,Test failed: code expected to match /200/,1079,272,10,10,https://api.clickup.com/api/v2/user,2117,0,2041
1781945312523,131,Get Authorized User,429,Too Many Requests,jp@gc - Ultimate Thread Group 2-9,text,false,Test failed: code expected to match /200/,1079,272,10,10,https://api.clickup.com/api/v2/user,131,0,41
1781945312699,123,Get Authorized User,429,Too Many Requests,jp@gc - Ultimate Thread Group 2-2,text,false,Test failed: code expected to match /200/,1079,272,10,10,https://api.clickup.com/api/v2/user,123,0,41
1781945312901,122,Get Authorized User,429,Too Many Requests,jp@gc - Ultimate Thread Group 2-6,text,false,Test failed: code expected to match /200/,1079,272,10,10,https://api.clickup.com/api/v2/user,122,0,46
1781945313167,108,Get Authorized User,429,Too Many Requests,jp@gc - Ultimate Thread Group 2-8,text,false,Test failed: code expected to match /200/,1078,272,10,10,https://api.clickup.com/api/v2/user,108,0,38
1781945312203,1109,Get Authorized User,429,Too Many Requests,jp@gc - Ultimate Thread Group 2-4,text,false,Test failed: code expected to match /200/,1079,272,10,10,https://api.clickup.com/api/v2/user,1109,0,1040
1781945313492,109,Get Authorized User,429,Too Many Requests,jp@gc - Ultimate Thread Group 2-3,text,false,Test failed: code expected to match /200/,1079,272,10,10,https://api.clickup.com/api/v2/user,109,0,44
1781945313500,110,Get Authorized User,429,Too Many Requests,jp@gc - Ultimate Thread Group 2-7,text,false,Test failed: code expected to match /200/,1079,272,10,10,https://api.clickup.com/api/v2/user,110,0,44
1781945313528,111,Get Authorized User,429,Too Many Requests,jp@gc - Ultimate Thread Group 2-10,text,false,Test failed: code expected to match /200/,1078,272,10,10,https://api.clickup.com/api/v2/user,111,0,43
1781945313559,115,Get Authorized User,429,Too Many Requests,jp@gc - Ultimate Thread Group 2-5,text,false,Test failed: code expected to match /200/,1079,272,10,10,https://api.clickup.com/api/v2/user,115,0,44
1781945313660,105,Get Authorized User,429,Too Many Requests,jp@gc - Ultimate Thread Group 2-9,text,false,Test failed: code expected to match /200/,1079,272,10,10,https://api.clickup.com/api/v2/user,105,0,40
1781945313829,107,Get Authorized User,429,Too Many Requests,jp@gc - Ultimate Thread Group 2-2,text,false,Test failed: code expected to match /200/,1079,272,10,10,https://api.clickup.com/api/v2/user,107,0,44
1781945312832,1149,Get Authorized User,429,Too Many Requests,jp@gc - Ultimate Thread Group 2-1,text,false,Test failed: code expected to match /200/,1079,272,10,10,https://api.clickup.com/api/v2/user,1149,0,1046
1781945314029,107,Get Authorized User,429,Too Many Requests,jp@gc - Ultimate Thread Group 2-6,text,false,Test failed: code expected to match /200/,1079,272,10,10,https://api.clickup.com/api/v2/user,107,0,43
1781945314281,128,Get Authorized User,429,Too Many Requests,jp@gc - Ultimate Thread Group 2-8,text,false,Test failed: code expected to match /200/,1079,272,10,10,https://api.clickup.com/api/v2/user,128,0,44
1781945314318,111,Get Authorized User,429,Too Many Requests,jp@gc - Ultimate Thread Group 2-4,text,false,Test failed: code expected to match /200/,1079,272,10,10,https://api.clickup.com/api/v2/user,111,0,44
1781945314607,109,Get Authorized User,429,Too Many Requests,jp@gc - Ultimate Thread Group 2-3,text,false,Test failed: code expected to match /200/,1079,272,10,10,https://api.clickup.com/api/v2/user,109,0,43
1781945314616,113,Get Authorized User,429,Too Many Requests,jp@gc - Ultimate Thread Group 2-7,text,false,Test failed: code expected to match /200/,1079,272,10,10,https://api.clickup.com/api/v2/user,113,0,41
1781945314679,121,Get Authorized User,429,Too Many Requests,jp@gc - Ultimate Thread Group 2-5,text,false,Test failed: code expected to match /200/,1079,272,10,10,https://api.clickup.com/api/v2/user,120,0,42
1781945314765,116,Get Authorized User,429,Too Many Requests,jp@gc - Ultimate Thread Group 2-9,text,false,Test failed: code expected to match /200/,1079,272,10,10,https://api.clickup.com/api/v2/user,116,0,45
1781945314940,114,Get Authorized User,429,Too Many Requests,jp@gc - Ultimate Thread Group 2-2,text,false,Test failed: code expected to match /200/,1079,272,10,10,https://api.clickup.com/api/v2/user,114,0,47
1781945315436,111,Get Authorized User,429,Too Many Requests,jp@gc - Ultimate Thread Group 2-4,text,false,Test failed: code expected to match /200/,1078,272,10,10,https://api.clickup.com/api/v2/user,111,0,45
1781945314673,1103,Get Authorized User,429,Too Many Requests,jp@gc - Ultimate Thread Group 2-10,text,false,Test failed: code expected to match /200/,1078,272,10,10,https://api.clickup.com/api/v2/user,1103,0,1040
1781945315734,110,Get Authorized User,429,Too Many Requests,jp@gc - Ultimate Thread Group 2-7,text,false,Test failed: code expected to match /200/,1079,272,10,10,https://api.clickup.com/api/v2/user,110,0,44
1781945315805,112,Get Authorized User,429,Too Many Requests,jp@gc - Ultimate Thread Group 2-5,text,false,Test failed: code expected to match /200/,1079,272,10,10,https://api.clickup.com/api/v2/user,112,0,45
1781945315887,111,Get Authorized User,429,Too Many Requests,jp@gc - Ultimate Thread Group 2-9,text,false,Test failed: code expected to match /200/,1079,272,10,10,https://api.clickup.com/api/v2/user,111,0,46
1781945314987,1140,Get Authorized User,429,Too Many Requests,jp@gc - Ultimate Thread Group 2-1,text,false,Test failed: code expected to match /200/,1079,272,10,10,https://api.clickup.com/api/v2/user,1140,0,1051
1781945315186,1110,Get Authorized User,429,Too Many Requests,jp@gc - Ultimate Thread Group 2-6,text,false,Test failed: code expected to match /200/,1079,272,10,10,https://api.clickup.com/api/v2/user,1110,0,1041
1781945315411,1117,Get Authorized User,429,Too Many Requests,jp@gc - Ultimate Thread Group 2-8,text,false,Test failed: code expected to match /200/,1079,272,10,10,https://api.clickup.com/api/v2/user,1117,0,1046
1781945316782,109,Get Authorized User,429,Too Many Requests,jp@gc - Ultimate Thread Group 2-10,text,false,Test failed: code expected to match /200/,1079,272,10,10,https://api.clickup.com/api/v2/user,109,0,43
1781945316851,113,Get Authorized User,429,Too Many Requests,jp@gc - Ultimate Thread Group 2-7,text,false,Test failed: code expected to match /200/,1079,272,10,10,https://api.clickup.com/api/v2/user,113,0,44
1781945316923,122,Get Authorized User,429,Too Many Requests,jp@gc - Ultimate Thread Group 2-5,text,false,Test failed: code expected to match /200/,1079,272,10,10,https://api.clickup.com/api/v2/user,122,0,45
1781945317004,120,Get Authorized User,429,Too Many Requests,jp@gc - Ultimate Thread Group 2-9,text,false,Test failed: code expected to match /200/,1078,272,10,10,https://api.clickup.com/api/v2/user,120,0,44
1781945316060,1120,Get Authorized User,429,Too Many Requests,jp@gc - Ultimate Thread Group 2-2,text,false,Test failed: code expected to match /200/,1079,272,10,10,https://api.clickup.com/api/v2/user,1120,0,1044
1781945317133,111,Get Authorized User,429,Too Many Requests,jp@gc - Ultimate Thread Group 2-1,text,false,Test failed: code expected to match /200/,1078,272,10,10,https://api.clickup.com/api/v2/user,111,0,42
1781945317302,104,Get Authorized User,429,Too Many Requests,jp@gc - Ultimate Thread Group 2-6,text,false,Test failed: code expected to match /200/,1078,272,10,10,https://api.clickup.com/api/v2/user,104,0,41
1781945316554,1132,Get Authorized User,429,Too Many Requests,jp@gc - Ultimate Thread Group 2-4,text,false,Test failed: code expected to match /200/,1078,272,10,10,https://api.clickup.com/api/v2/user,1132,0,1061
1781945315721,2108,Get Authorized User,429,Too Many Requests,jp@gc - Ultimate Thread Group 2-3,text,false,Test failed: code expected to match /200/,1079,272,10,10,https://api.clickup.com/api/v2/user,2108,0,2043
1781945317895,117,Get Authorized User,429,Too Many Requests,jp@gc - Ultimate Thread Group 2-10,text,false,Test failed: code expected to match /200/,1079,272,10,10,https://api.clickup.com/api/v2/user,117,0,46
1781945317966,118,Get Authorized User,429,Too Many Requests,jp@gc - Ultimate Thread Group 2-7,text,false,Test failed: code expected to match /200/,1079,272,10,10,https://api.clickup.com/api/v2/user,118,0,51
1781945318051,108,Get Authorized User,429,Too Many Requests,jp@gc - Ultimate Thread Group 2-5,text,false,Test failed: code expected to match /200/,1079,272,10,10,https://api.clickup.com/api/v2/user,108,0,44
1781945318131,110,Get Authorized User,429,Too Many Requests,jp@gc - Ultimate Thread Group 2-9,text,false,Test failed: code expected to match /200/,1079,272,10,10,https://api.clickup.com/api/v2/user,110,0,42
1781945318249,117,Get Authorized User,429,Too Many Requests,jp@gc - Ultimate Thread Group 2-1,text,false,Test failed: code expected to match /200/,1079,272,9,9,https://api.clickup.com/api/v2/user,117,0,41
1781945318412,107,Get Authorized User,429,Too Many Requests,jp@gc - Ultimate Thread Group 2-6,text,false,Test failed: code expected to match /200/,1079,272,9,9,https://api.clickup.com/api/v2/user,107,0,44
1781945317532,1112,Get Authorized User,429,Too Many Requests,jp@gc - Ultimate Thread Group 2-8,text,false,Test failed: code expected to match /200/,1079,272,8,8,https://api.clickup.com/api/v2/user,1112,0,1045
1781945318834,115,Get Authorized User,429,Too Many Requests,jp@gc - Ultimate Thread Group 2-3,text,false,Test failed: code expected to match /200/,1079,272,7,7,https://api.clickup.com/api/v2/user,115,0,48
1781945319016,128,Get Authorized User,429,Too Many Requests,jp@gc - Ultimate Thread Group 2-10,text,false,Test failed: code expected to match /200/,1079,272,6,6,https://api.clickup.com/api/v2/user,128,0,44
1781945319087,110,Get Authorized User,429,Too Many Requests,jp@gc - Ultimate Thread Group 2-7,text,false,Test failed: code expected to match /200/,1079,272,5,5,https://api.clickup.com/api/v2/user,110,0,44
1781945318208,1109,Get Authorized User,429,Too Many Requests,jp@gc - Ultimate Thread Group 2-2,text,false,Test failed: code expected to match /200/,1079,272,4,4,https://api.clickup.com/api/v2/user,1109,0,1041
1781945319162,1113,Get Authorized User,429,Too Many Requests,jp@gc - Ultimate Thread Group 2-5,text,false,Test failed: code expected to match /200/,1079,272,3,3,https://api.clickup.com/api/v2/user,1113,0,1048
1781945319372,1114,Get Authorized User,429,Too Many Requests,jp@gc - Ultimate Thread Group 2-1,text,false,Test failed: code expected to match /200/,1079,272,2,2,https://api.clickup.com/api/v2/user,1114,0,1042
1781945318708,3112,Get Authorized User,429,Too Many Requests,jp@gc - Ultimate Thread Group 2-4,text,false,Test failed: code expected to match /200/,1079,272,1,1,https://api.clickup.com/api/v2/user,3112,0,3048
